ticker,current_universe_status,qualification,exchange_or_market,stocklookup_candidate,official_source,official_security_status
AGE,STOCKLOOKUP_ONLY_UNRESOLVED,DELISTED_OR_NO_LONGER_CURRENT,DELISTED,True,,NOT_PROVIDED_BY_SOURCE_SURFACE
AMD,STOCKLOOKUP_ONLY_UNRESOLVED,DELISTED_OR_NO_LONGER_CURRENT,DELISTED,True,,NOT_PROVIDED_BY_SOURCE_SURFACE
ASA,STOCKLOOKUP_ONLY_UNRESOLVED,DELISTED_OR_NO_LONGER_CURRENT,DELISTED,True,,NOT_PROVIDED_BY_SOURCE_SURFACE
ATB,STOCKLOOKUP_ONLY_UNRESOLVED,DELISTED_OR_NO_LONGER_CURRENT,DELISTED,True,,NOT_PROVIDED_BY_SOURCE_SURFACE
AVF,STOCKLOOKUP_ONLY_UNRESOLVED,DELISTED_OR_NO_LONGER_CURRENT,DELISTED,True,,NOT_PROVIDED_BY_SOURCE_SURFACE
B82,STOCKLOOKUP_ONLY_UNRESOLVED,DELISTED_OR_NO_LONGER_CURRENT,DELISTED,True,,NOT_PROVIDED_BY_SOURCE_SURFACE
BBC,STOCKLOOKUP_ONLY_UNRESOLVED,DELISTED_OR_NO_LONGER_CURRENT,DELISTED,True,,NOT_PROVIDED_BY_SOURCE_SURFACE
BCG,STOCKLOOKUP_ONLY_UNRESOLVED,UNRESOLVED,UPCOM,True,,NOT_PROVIDED_BY_SOURCE_SURFACE
BCR,STOCKLOOKUP_ONLY_UNRESOLVED,UNRESOLVED,UPCOM,True,,NOT_PROVIDED_BY_SOURCE_SURFACE
BDB,STOCKLOOKUP_ONLY_UNRESOLVED,DELISTED_OR_NO_LONGER_CURRENT,DELISTED,True,,NOT_PROVIDED_BY_SOURCE_SURFACE
BHT,STOCKLOOKUP_ONLY_UNRESOLVED,DELISTED_OR_NO_LONGER_CURRENT,DELISTED,True,,NOT_PROVIDED_BY_SOURCE_SURFACE
BII,STOCKLOOKUP_ONLY_UNRESOLVED,DELISTED_OR_NO_LONGER_CURRENT,DELISTED,True,,NOT_PROVIDED_BY_SOURCE_SURFACE
BKH,STOCKLOOKUP_ONLY_UNRESOLVED,DELISTED_OR_NO_LONGER_CURRENT,DELISTED,True,,NOT_PROVIDED_BY_SOURCE_SURFACE
BLW,STOCKLOOKUP_ONLY_UNRESOLVED,DELISTED_OR_NO_LONGER_CURRENT,DELISTED,True,,NOT_PROVIDED_BY_SOURCE_SURFACE
BMN,STOCKLOOKUP_ONLY_UNRESOLVED,DELISTED_OR_NO_LONGER_CURRENT,DELISTED,True,,NOT_PROVIDED_BY_SOURCE_SURFACE
BSC,STOCKLOOKUP_ONLY_UNRESOLVED,DELISTED_OR_NO_LONGER_CURRENT,DELISTED,True,,NOT_PROVIDED_BY_SOURCE_SURFACE
BST,STOCKLOOKUP_ONLY_UNRESOLVED,DELISTED_OR_NO_LONGER_CURRENT,DELISTED,True,,NOT_PROVIDED_BY_SOURCE_SURFACE
C12,STOCKLOOKUP_ONLY_UNRESOLVED,DELISTED_OR_NO_LONGER_CURRENT,DELISTED,True,,NOT_PROVIDED_BY_SOURCE_SURFACE
CAB,STOCKLOOKUP_ONLY_UNRESOLVED,DELISTED_OR_NO_LONGER_CURRENT,DELISTED,True,,NOT_PROVIDED_BY_SOURCE_SURFACE
CAV,STOCKLOOKUP_ONLY_UNRESOLVED,DELISTED_OR_NO_LONGER_CURRENT,DELISTED,True,,NOT_PROVIDED_BY_SOURCE_SURFACE
CC4,STOCKLOOKUP_ONLY_UNRESOLVED,DELISTED_OR_NO_LONGER_CURRENT,DELISTED,True,,NOT_PROVIDED_BY_SOURCE_SURFACE
CDH,STOCKLOOKUP_ONLY_UNRESOLVED,DELISTED_OR_NO_LONGER_CURRENT,DELISTED,True,,NOT_PROVIDED_BY_SOURCE_SURFACE
CE1,STOCKLOOKUP_ONLY_UNRESOLVED,DELISTED_OR_NO_LONGER_CURRENT,DELISTED,True,,NOT_PROVIDED_BY_SOURCE_SURFACE
CEE,STOCKLOOKUP_ONLY_UNRESOLVED,DELISTED_OR_NO_LONGER_CURRENT,DELISTED,True,,NOT_PROVIDED_BY_SOURCE_SURFACE
CEG,STOCKLOOKUP_ONLY_UNRESOLVED,DELISTED_OR_NO_LONGER_CURRENT,DELISTED,True,,NOT_PROVIDED_BY_SOURCE_SURFACE
CGL,STOCKLOOKUP_ONLY_UNRESOLVED,DELISTED_OR_NO_LONGER_CURRENT,DELISTED,True,,NOT_PROVIDED_BY_SOURCE_SURFACE
CLG,STOCKLOOKUP_ONLY_UNRESOLVED,DELISTED_OR_NO_LONGER_CURRENT,DELISTED,True,,NOT_PROVIDED_BY_SOURCE_SURFACE
CMP,OFFICIAL_ONLY_NOT_IN_STOCKLOOKUP,CANDIDATE_UNIVERSE_STALENESS_OR_GOVERNED_EXCLUSION_UNRESOLVED,UPCOM,False,hnx_official_equity_universe/v1,NOT_PROVIDED_BY_SOURCE_SURFACE
CNA,OFFICIAL_ONLY_NOT_IN_STOCKLOOKUP,CANDIDATE_UNIVERSE_STALENESS_OR_GOVERNED_EXCLUSION_UNRESOLVED,UPCOM,False,hnx_official_equity_universe/v1,NOT_PROVIDED_BY_SOURCE_SURFACE
CPH,OFFICIAL_ONLY_NOT_IN_STOCKLOOKUP,CANDIDATE_UNIVERSE_STALENESS_OR_GOVERNED_EXCLUSION_UNRESOLVED,UPCOM,False,hnx_official_equity_universe/v1,NOT_PROVIDED_BY_SOURCE_SURFACE
CTA,STOCKLOOKUP_ONLY_UNRESOLVED,DELISTED_OR_NO_LONGER_CURRENT,DELISTED,True,,NOT_PROVIDED_BY_SOURCE_SURFACE
CTC,STOCKLOOKUP_ONLY_UNRESOLVED,DELISTED_OR_NO_LONGER_CURRENT,DELISTED,True,,NOT_PROVIDED_BY_SOURCE_SURFACE
CTN,STOCKLOOKUP_ONLY_UNRESOLVED,DELISTED_OR_NO_LONGER_CURRENT,DELISTED,True,,NOT_PROVIDED_BY_SOURCE_SURFACE
CYC,STOCKLOOKUP_ONLY_UNRESOLVED,DELISTED_OR_NO_LONGER_CURRENT,DELISTED,True,,NOT_PROVIDED_BY_SOURCE_SURFACE
D17,STOCKLOOKUP_ONLY_UNRESOLVED,DELISTED_OR_NO_LONGER_CURRENT,DELISTED,True,,NOT_PROVIDED_BY_SOURCE_SURFACE
DAN,STOCKLOOKUP_ONLY_UNRESOLVED,UNRESOLVED,UPCOM,True,,NOT_PROVIDED_BY_SOURCE_SURFACE
DAR,STOCKLOOKUP_ONLY_UNRESOLVED,DELISTED_OR_NO_LONGER_CURRENT,DELISTED,True,,NOT_PROVIDED_BY_SOURCE_SURFACE
DBH,STOCKLOOKUP_ONLY_UNRESOLVED,DELISTED_OR_NO_LONGER_CURRENT,DELISTED,True,,NOT_PROVIDED_BY_SOURCE_SURFACE
DKW,STOCKLOOKUP_ONLY_UNRESOLVED,DELISTED_OR_NO_LONGER_CURRENT,DELISTED,True,,NOT_PROVIDED_BY_SOURCE_SURFACE
DMS,STOCKLOOKUP_ONLY_UNRESOLVED,DELISTED_OR_NO_LONGER_CURRENT,DELISTED,True,,NOT_PROVIDED_BY_SOURCE_SURFACE
DMX,OFFICIAL_ONLY_NOT_IN_STOCKLOOKUP,CANDIDATE_UNIVERSE_STALENESS_OR_GOVERNED_EXCLUSION_UNRESOLVED,HOSE,False,hose_public_stock_master/v1,NORMAL_OR_NO_SPECIAL_STATUS
DPD,STOCKLOOKUP_ONLY_UNRESOLVED,DELISTED_OR_NO_LONGER_CURRENT,DELISTED,True,,NOT_PROVIDED_BY_SOURCE_SURFACE
DPS,STOCKLOOKUP_ONLY_UNRESOLVED,DELISTED_OR_NO_LONGER_CURRENT,DELISTED,True,,NOT_PROVIDED_BY_SOURCE_SURFACE
DSV,STOCKLOOKUP_ONLY_UNRESOLVED,DELISTED_OR_NO_LONGER_CURRENT,DELISTED,True,,NOT_PROVIDED_BY_SOURCE_SURFACE
DT4,STOCKLOOKUP_ONLY_UNRESOLVED,DELISTED_OR_NO_LONGER_CURRENT,DELISTED,True,,NOT_PROVIDED_BY_SOURCE_SURFACE
DTB,STOCKLOOKUP_ONLY_UNRESOLVED,DELISTED_OR_NO_LONGER_CURRENT,DELISTED,True,,NOT_PROVIDED_BY_SOURCE_SURFACE
DTE,STOCKLOOKUP_ONLY_UNRESOLVED,DELISTED_OR_NO_LONGER_CURRENT,DELISTED,True,,NOT_PROVIDED_BY_SOURCE_SURFACE
DTV,STOCKLOOKUP_ONLY_UNRESOLVED,DELISTED_OR_NO_LONGER_CURRENT,DELISTED,True,,NOT_PROVIDED_BY_SOURCE_SURFACE
DVT,STOCKLOOKUP_ONLY_UNRESOLVED,UNRESOLVED,UPCOM,True,,NOT_PROVIDED_BY_SOURCE_SURFACE
DZM,STOCKLOOKUP_ONLY_UNRESOLVED,DELISTED_OR_NO_LONGER_CURRENT,DELISTED,True,,NOT_PROVIDED_BY_SOURCE_SURFACE
EAD,STOCKLOOKUP_ONLY_UNRESOLVED,DELISTED_OR_NO_LONGER_CURRENT,DELISTED,True,,NOT_PROVIDED_BY_SOURCE_SURFACE
EGL,OFFICIAL_ONLY_NOT_IN_STOCKLOOKUP,CANDIDATE_UNIVERSE_STALENESS_OR_GOVERNED_EXCLUSION_UNRESOLVED,UPCOM,False,hnx_official_equity_universe/v1,NOT_PROVIDED_BY_SOURCE_SURFACE
EMC,STOCKLOOKUP_ONLY_UNRESOLVED,DELISTED_OR_NO_LONGER_CURRENT,DELISTED,True,,NOT_PROVIDED_BY_SOURCE_SURFACE
EPC,STOCKLOOKUP_ONLY_UNRESOLVED,DELISTED_OR_NO_LONGER_CURRENT,DELISTED,True,,NOT_PROVIDED_BY_SOURCE_SURFACE
EPH,STOCKLOOKUP_ONLY_UNRESOLVED,DELISTED_OR_NO_LONGER_CURRENT,DELISTED,True,,NOT_PROVIDED_BY_SOURCE_SURFACE
FBA,STOCKLOOKUP_ONLY_UNRESOLVED,DELISTED_OR_NO_LONGER_CURRENT,DELISTED,True,,NOT_PROVIDED_BY_SOURCE_SURFACE
FDG,STOCKLOOKUP_ONLY_UNRESOLVED,DELISTED_OR_NO_LONGER_CURRENT,DELISTED,True,,NOT_PROVIDED_BY_SOURCE_SURFACE
FLC,STOCKLOOKUP_ONLY_UNRESOLVED,DELISTED_OR_NO_LONGER_CURRENT,DELISTED,True,,NOT_PROVIDED_BY_SOURCE_SURFACE
GAB,STOCKLOOKUP_ONLY_UNRESOLVED,DELISTED_OR_NO_LONGER_CURRENT,DELISTED,True,,NOT_PROVIDED_BY_SOURCE_SURFACE
GE2,STOCKLOOKUP_ONLY_UNRESOLVED,DELISTED_OR_NO_LONGER_CURRENT,DELISTED,True,,NOT_PROVIDED_BY_SOURCE_SURFACE
GTH,STOCKLOOKUP_ONLY_UNRESOLVED,DELISTED_OR_NO_LONGER_CURRENT,DELISTED,True,,NOT_PROVIDED_BY_SOURCE_SURFACE
GTX,OFFICIAL_ONLY_NOT_IN_STOCKLOOKUP,CANDIDATE_UNIVERSE_STALENESS_OR_GOVERNED_EXCLUSION_UNRESOLVED,UPCOM,False,hnx_official_equity_universe/v1,NOT_PROVIDED_BY_SOURCE_SURFACE
HAI,STOCKLOOKUP_ONLY_UNRESOLVED,DELISTED_OR_NO_LONGER_CURRENT,DELISTED,True,,NOT_PROVIDED_BY_SOURCE_SURFACE
HCB,STOCKLOOKUP_ONLY_UNRESOLVED,DELISTED_OR_NO_LONGER_CURRENT,DELISTED,True,,NOT_PROVIDED_BY_SOURCE_SURFACE
HDO,STOCKLOOKUP_ONLY_UNRESOLVED,DELISTED_OR_NO_LONGER_CURRENT,DELISTED,True,,NOT_PROVIDED_BY_SOURCE_SURFACE
HEM,STOCKLOOKUP_ONLY_UNRESOLVED,DELISTED_OR_NO_LONGER_CURRENT,DELISTED,True,,NOT_PROVIDED_BY_SOURCE_SURFACE
HGW,STOCKLOOKUP_ONLY_UNRESOLVED,DELISTED_OR_NO_LONGER_CURRENT,DELISTED,True,,NOT_PROVIDED_BY_SOURCE_SURFACE
HHR,STOCKLOOKUP_ONLY_UNRESOLVED,DELISTED_OR_NO_LONGER_CURRENT,DELISTED,True,,NOT_PROVIDED_BY_SOURCE_SURFACE
HIG,STOCKLOOKUP_ONLY_UNRESOLVED,DELISTED_OR_NO_LONGER_CURRENT,DELISTED,True,,NOT_PROVIDED_BY_SOURCE_SURFACE
HKP,STOCKLOOKUP_ONLY_UNRESOLVED,DELISTED_OR_NO_LONGER_CURRENT,DELISTED,True,,NOT_PROVIDED_BY_SOURCE_SURFACE
HLG,STOCKLOOKUP_ONLY_UNRESOLVED,DELISTED_OR_NO_LONGER_CURRENT,DELISTED,True,,NOT_PROVIDED_BY_SOURCE_SURFACE
HLR,STOCKLOOKUP_ONLY_UNRESOLVED,DELISTED_OR_NO_LONGER_CURRENT,DELISTED,True,,NOT_PROVIDED_BY_SOURCE_SURFACE
HNT,STOCKLOOKUP_ONLY_UNRESOLVED,DELISTED_OR_NO_LONGER_CURRENT,DELISTED,True,,NOT_PROVIDED_BY_SOURCE_SURFACE
HPM,STOCKLOOKUP_ONLY_UNRESOLVED,DELISTED_OR_NO_LONGER_CURRENT,DELISTED,True,,NOT_PROVIDED_BY_SOURCE_SURFACE
HRT,STOCKLOOKUP_ONLY_UNRESOLVED,DELISTED_OR_NO_LONGER_CURRENT,DELISTED,True,,NOT_PROVIDED_BY_SOURCE_SURFACE
HSI,STOCKLOOKUP_ONLY_UNRESOLVED,DELISTED_OR_NO_LONGER_CURRENT,DELISTED,True,,NOT_PROVIDED_BY_SOURCE_SURFACE
HTH,STOCKLOOKUP_ONLY_UNRESOLVED,DELISTED_OR_NO_LONGER_CURRENT,DELISTED,True,,NOT_PROVIDED_BY_SOURCE_SURFACE
HTR,STOCKLOOKUP_ONLY_UNRESOLVED,DELISTED_OR_NO_LONGER_CURRENT,DELISTED,True,,NOT_PROVIDED_BY_SOURCE_SURFACE
HVG,STOCKLOOKUP_ONLY_UNRESOLVED,DELISTED_OR_NO_LONGER_CURRENT,DELISTED,True,,NOT_PROVIDED_BY_SOURCE_SURFACE
IBC,STOCKLOOKUP_ONLY_UNRESOLVED,DELISTED_OR_NO_LONGER_CURRENT,DELISTED,True,,NOT_PROVIDED_BY_SOURCE_SURFACE
IHK,STOCKLOOKUP_ONLY_UNRESOLVED,DELISTED_OR_NO_LONGER_CURRENT,DELISTED,True,,NOT_PROVIDED_BY_SOURCE_SURFACE
ING,STOCKLOOKUP_ONLY_UNRESOLVED,DELISTED_OR_NO_LONGER_CURRENT,DELISTED,True,,NOT_PROVIDED_BY_SOURCE_SURFACE
KAC,STOCKLOOKUP_ONLY_UNRESOLVED,DELISTED_OR_NO_LONGER_CURRENT,DELISTED,True,,NOT_PROVIDED_BY_SOURCE_SURFACE
KAI,OFFICIAL_ONLY_NOT_IN_STOCKLOOKUP,CANDIDATE_UNIVERSE_STALENESS_OR_GOVERNED_EXCLUSION_UNRESOLVED,UPCOM,False,hnx_official_equity_universe/v1,NOT_PROVIDED_BY_SOURCE_SURFACE
KCE,STOCKLOOKUP_ONLY_UNRESOLVED,DELISTED_OR_NO_LONGER_CURRENT,DELISTED,True,,NOT_PROVIDED_BY_SOURCE_SURFACE
KHA,STOCKLOOKUP_ONLY_UNRESOLVED,DELISTED_OR_NO_LONGER_CURRENT,DELISTED,True,,NOT_PROVIDED_BY_SOURCE_SURFACE
KHB,STOCKLOOKUP_ONLY_UNRESOLVED,DELISTED_OR_NO_LONGER_CURRENT,DELISTED,True,,NOT_PROVIDED_BY_SOURCE_SURFACE
KHL,STOCKLOOKUP_ONLY_UNRESOLVED,DELISTED_OR_NO_LONGER_CURRENT,DELISTED,True,,NOT_PROVIDED_BY_SOURCE_SURFACE
KLF,STOCKLOOKUP_ONLY_UNRESOLVED,DELISTED_OR_NO_LONGER_CURRENT,DELISTED,True,,NOT_PROVIDED_BY_SOURCE_SURFACE
KLM,STOCKLOOKUP_ONLY_UNRESOLVED,DELISTED_OR_NO_LONGER_CURRENT,DELISTED,True,,NOT_PROVIDED_BY_SOURCE_SURFACE
KSH,STOCKLOOKUP_ONLY_UNRESOLVED,DELISTED_OR_NO_LONGER_CURRENT,DELISTED,True,,NOT_PROVIDED_BY_SOURCE_SURFACE
L44,STOCKLOOKUP_ONLY_UNRESOLVED,DELISTED_OR_NO_LONGER_CURRENT,DELISTED,True,,NOT_PROVIDED_BY_SOURCE_SURFACE
LBC,STOCKLOOKUP_ONLY_UNRESOLVED,DELISTED_OR_NO_LONGER_CURRENT,DELISTED,True,,NOT_PROVIDED_BY_SOURCE_SURFACE
LCC,STOCKLOOKUP_ONLY_UNRESOLVED,DELISTED_OR_NO_LONGER_CURRENT,DELISTED,True,,NOT_PROVIDED_BY_SOURCE_SURFACE
LCS,STOCKLOOKUP_ONLY_UNRESOLVED,DELISTED_OR_NO_LONGER_CURRENT,DELISTED,True,,NOT_PROVIDED_BY_SOURCE_SURFACE
LCW,STOCKLOOKUP_ONLY_UNRESOLVED,DELISTED_OR_NO_LONGER_CURRENT,DELISTED,True,,NOT_PROVIDED_BY_SOURCE_SURFACE
LGM,STOCKLOOKUP_ONLY_UNRESOLVED,DELISTED_OR_NO_LONGER_CURRENT,DELISTED,True,,NOT_PROVIDED_BY_SOURCE_SURFACE
LPS,OFFICIAL_ONLY_NOT_IN_STOCKLOOKUP,CANDIDATE_UNIVERSE_STALENESS_OR_GOVERNED_EXCLUSION_UNRESOLVED,HOSE,False,hose_public_stock_master/v1,NORMAL_OR_NO_SPECIAL_STATUS
LTG,STOCKLOOKUP_ONLY_UNRESOLVED,UNRESOLVED,UPCOM,True,,NOT_PROVIDED_BY_SOURCE_SURFACE
LWS,STOCKLOOKUP_ONLY_UNRESOLVED,DELISTED_OR_NO_LONGER_CURRENT,DELISTED,True,,NOT_PROVIDED_BY_SOURCE_SURFACE
MBN,OFFICIAL_ONLY_NOT_IN_STOCKLOOKUP,CANDIDATE_UNIVERSE_STALENESS_OR_GOVERNED_EXCLUSION_UNRESOLVED,UPCOM,False,hnx_official_equity_universe/v1,NOT_PROVIDED_BY_SOURCE_SURFACE
MC3,STOCKLOOKUP_ONLY_UNRESOLVED,DELISTED_OR_NO_LONGER_CURRENT,DELISTED,True,,NOT_PROVIDED_BY_SOURCE_SURFACE
MCI,STOCKLOOKUP_ONLY_UNRESOLVED,DELISTED_OR_NO_LONGER_CURRENT,DELISTED,True,,NOT_PROVIDED_BY_SOURCE_SURFACE
MES,OFFICIAL_ONLY_NOT_IN_STOCKLOOKUP,CANDIDATE_UNIVERSE_STALENESS_OR_GOVERNED_EXCLUSION_UNRESOLVED,UPCOM,False,hnx_official_equity_universe/v1,NOT_PROVIDED_BY_SOURCE_SURFACE
MIM,STOCKLOOKUP_ONLY_UNRESOLVED,DELISTED_OR_NO_LONGER_CURRENT,DELISTED,True,,NOT_PROVIDED_BY_SOURCE_SURFACE
MTC,STOCKLOOKUP_ONLY_UNRESOLVED,DELISTED_OR_NO_LONGER_CURRENT,DELISTED,True,,NOT_PROVIDED_BY_SOURCE_SURFACE
NEM,STOCKLOOKUP_ONLY_UNRESOLVED,DELISTED_OR_NO_LONGER_CURRENT,DELISTED,True,,NOT_PROVIDED_BY_SOURCE_SURFACE
NHP,STOCKLOOKUP_ONLY_UNRESOLVED,DELISTED_OR_NO_LONGER_CURRENT,DELISTED,True,,NOT_PROVIDED_BY_SOURCE_SURFACE
NNG,STOCKLOOKUP_ONLY_UNRESOLVED,DELISTED_OR_NO_LONGER_CURRENT,DELISTED,True,,NOT_PROVIDED_BY_SOURCE_SURFACE
NQT,STOCKLOOKUP_ONLY_UNRESOLVED,DELISTED_OR_NO_LONGER_CURRENT,DELISTED,True,,NOT_PROVIDED_BY_SOURCE_SURFACE
NS2,STOCKLOOKUP_ONLY_UNRESOLVED,DELISTED_OR_NO_LONGER_CURRENT,DELISTED,True,,NOT_PROVIDED_BY_SOURCE_SURFACE
NS3,STOCKLOOKUP_ONLY_UNRESOLVED,DELISTED_OR_NO_LONGER_CURRENT,DELISTED,True,,NOT_PROVIDED_BY_SOURCE_SURFACE
NTB,STOCKLOOKUP_ONLY_UNRESOLVED,DELISTED_OR_NO_LONGER_CURRENT,DELISTED,True,,NOT_PROVIDED_BY_SOURCE_SURFACE
PCB,OFFICIAL_ONLY_NOT_IN_STOCKLOOKUP,CANDIDATE_UNIVERSE_STALENESS_OR_GOVERNED_EXCLUSION_UNRESOLVED,UPCOM,False,hnx_official_equity_universe/v1,NOT_PROVIDED_BY_SOURCE_SURFACE
PCN,STOCKLOOKUP_ONLY_UNRESOLVED,DELISTED_OR_NO_LONGER_CURRENT,DELISTED,True,,NOT_PROVIDED_BY_SOURCE_SURFACE
PEC,STOCKLOOKUP_ONLY_UNRESOLVED,DELISTED_OR_NO_LONGER_CURRENT,DELISTED,True,,NOT_PROVIDED_BY_SOURCE_SURFACE
PQN,OFFICIAL_ONLY_NOT_IN_STOCKLOOKUP,CANDIDATE_UNIVERSE_STALENESS_OR_GOVERNED_EXCLUSION_UNRESOLVED,UPCOM,False,hnx_official_equity_universe/v1,NOT_PROVIDED_BY_SOURCE_SURFACE
PSG,STOCKLOOKUP_ONLY_UNRESOLVED,DELISTED_OR_NO_LONGER_CURRENT,DELISTED,True,,NOT_PROVIDED_BY_SOURCE_SURFACE
PTN,STOCKLOOKUP_ONLY_UNRESOLVED,DELISTED_OR_NO_LONGER_CURRENT,DELISTED,True,,NOT_PROVIDED_BY_SOURCE_SURFACE
PVA,STOCKLOOKUP_ONLY_UNRESOLVED,DELISTED_OR_NO_LONGER_CURRENT,DELISTED,True,,NOT_PROVIDED_BY_SOURCE_SURFACE
PX1,STOCKLOOKUP_ONLY_UNRESOLVED,DELISTED_OR_NO_LONGER_CURRENT,DELISTED,True,,NOT_PROVIDED_BY_SOURCE_SURFACE
PXC,STOCKLOOKUP_ONLY_UNRESOLVED,DELISTED_OR_NO_LONGER_CURRENT,DELISTED,True,,NOT_PROVIDED_BY_SOURCE_SURFACE
QLD,STOCKLOOKUP_ONLY_UNRESOLVED,DELISTED_OR_NO_LONGER_CURRENT,DELISTED,True,,NOT_PROVIDED_BY_SOURCE_SURFACE
QLT,STOCKLOOKUP_ONLY_UNRESOLVED,DELISTED_OR_NO_LONGER_CURRENT,DELISTED,True,,NOT_PROVIDED_BY_SOURCE_SURFACE
RDP,STOCKLOOKUP_ONLY_UNRESOLVED,DELISTED_OR_NO_LONGER_CURRENT,DELISTED,True,,NOT_PROVIDED_BY_SOURCE_SURFACE
RGC,STOCKLOOKUP_ONLY_UNRESOLVED,DELISTED_OR_NO_LONGER_CURRENT,DELISTED,True,,NOT_PROVIDED_BY_SOURCE_SURFACE
ROS,STOCKLOOKUP_ONLY_UNRESOLVED,DELISTED_OR_NO_LONGER_CURRENT,DELISTED,True,,NOT_PROVIDED_BY_SOURCE_SURFACE
S27,STOCKLOOKUP_ONLY_UNRESOLVED,DELISTED_OR_NO_LONGER_CURRENT,DELISTED,True,,NOT_PROVIDED_BY_SOURCE_SURFACE
S96,STOCKLOOKUP_ONLY_UNRESOLVED,DELISTED_OR_NO_LONGER_CURRENT,DELISTED,True,,NOT_PROVIDED_BY_SOURCE_SURFACE
SAP,STOCKLOOKUP_ONLY_UNRESOLVED,DELISTED_OR_NO_LONGER_CURRENT,DELISTED,True,,NOT_PROVIDED_BY_SOURCE_SURFACE
SCY,STOCKLOOKUP_ONLY_UNRESOLVED,DELISTED_OR_NO_LONGER_CURRENT,DELISTED,True,,NOT_PROVIDED_BY_SOURCE_SURFACE
SD1,STOCKLOOKUP_ONLY_UNRESOLVED,DELISTED_OR_NO_LONGER_CURRENT,DELISTED,True,,NOT_PROVIDED_BY_SOURCE_SURFACE
SDB,STOCKLOOKUP_ONLY_UNRESOLVED,DELISTED_OR_NO_LONGER_CURRENT,DELISTED,True,,NOT_PROVIDED_BY_SOURCE_SURFACE
SDH,STOCKLOOKUP_ONLY_UNRESOLVED,DELISTED_OR_NO_LONGER_CURRENT,DELISTED,True,,NOT_PROVIDED_BY_SOURCE_SURFACE
SDJ,STOCKLOOKUP_ONLY_UNRESOLVED,DELISTED_OR_NO_LONGER_CURRENT,DELISTED,True,,NOT_PROVIDED_BY_SOURCE_SURFACE
SDX,STOCKLOOKUP_ONLY_UNRESOLVED,DELISTED_OR_NO_LONGER_CURRENT,DELISTED,True,,NOT_PROVIDED_BY_SOURCE_SURFACE
SGO,STOCKLOOKUP_ONLY_UNRESOLVED,DELISTED_OR_NO_LONGER_CURRENT,DELISTED,True,,NOT_PROVIDED_BY_SOURCE_SURFACE
SHG,STOCKLOOKUP_ONLY_UNRESOLVED,DELISTED_OR_NO_LONGER_CURRENT,DELISTED,True,,NOT_PROVIDED_BY_SOURCE_SURFACE
SHX,STOCKLOOKUP_ONLY_UNRESOLVED,DELISTED_OR_NO_LONGER_CURRENT,DELISTED,True,,NOT_PROVIDED_BY_SOURCE_SURFACE
SIC,STOCKLOOKUP_ONLY_UNRESOLVED,DELISTED_OR_NO_LONGER_CURRENT,DELISTED,True,,NOT_PROVIDED_BY_SOURCE_SURFACE
SJC,STOCKLOOKUP_ONLY_UNRESOLVED,DELISTED_OR_NO_LONGER_CURRENT,DELISTED,True,,NOT_PROVIDED_BY_SOURCE_SURFACE
SPA,STOCKLOOKUP_ONLY_UNRESOLVED,DELISTED_OR_NO_LONGER_CURRENT,DELISTED,True,,NOT_PROVIDED_BY_SOURCE_SURFACE
SPP,STOCKLOOKUP_ONLY_UNRESOLVED,DELISTED_OR_NO_LONGER_CURRENT,DELISTED,True,,NOT_PROVIDED_BY_SOURCE_SURFACE
SQC,STOCKLOOKUP_ONLY_UNRESOLVED,DELISTED_OR_NO_LONGER_CURRENT,DELISTED,True,,NOT_PROVIDED_BY_SOURCE_SURFACE
SRT,STOCKLOOKUP_ONLY_UNRESOLVED,DELISTED_OR_NO_LONGER_CURRENT,DELISTED,True,,NOT_PROVIDED_BY_SOURCE_SURFACE
SSF,STOCKLOOKUP_ONLY_UNRESOLVED,DELISTED_OR_NO_LONGER_CURRENT,DELISTED,True,,NOT_PROVIDED_BY_SOURCE_SURFACE
SSN,STOCKLOOKUP_ONLY_UNRESOLVED,DELISTED_OR_NO_LONGER_CURRENT,DELISTED,True,,NOT_PROVIDED_BY_SOURCE_SURFACE
SSU,STOCKLOOKUP_ONLY_UNRESOLVED,DELISTED_OR_NO_LONGER_CURRENT,DELISTED,True,,NOT_PROVIDED_BY_SOURCE_SURFACE
STL,STOCKLOOKUP_ONLY_UNRESOLVED,DELISTED_OR_NO_LONGER_CURRENT,DELISTED,True,,NOT_PROVIDED_BY_SOURCE_SURFACE
SVI,STOCKLOOKUP_ONLY_UNRESOLVED,DELISTED_OR_NO_LONGER_CURRENT,DELISTED,True,,NOT_PROVIDED_BY_SOURCE_SURFACE
TA3,STOCKLOOKUP_ONLY_UNRESOLVED,DELISTED_OR_NO_LONGER_CURRENT,DELISTED,True,,NOT_PROVIDED_BY_SOURCE_SURFACE
TAG,STOCKLOOKUP_ONLY_UNRESOLVED,DELISTED_OR_NO_LONGER_CURRENT,DELISTED,True,,NOT_PROVIDED_BY_SOURCE_SURFACE
TAH,OFFICIAL_ONLY_NOT_IN_STOCKLOOKUP,CANDIDATE_UNIVERSE_STALENESS_OR_GOVERNED_EXCLUSION_UNRESOLVED,UPCOM,False,hnx_official_equity_universe/v1,NOT_PROVIDED_BY_SOURCE_SURFACE
TAN,STOCKLOOKUP_ONLY_UNRESOLVED,DELISTED_OR_NO_LONGER_CURRENT,DELISTED,True,,NOT_PROVIDED_BY_SOURCE_SURFACE
TAP,STOCKLOOKUP_ONLY_UNRESOLVED,DELISTED_OR_NO_LONGER_CURRENT,DELISTED,True,,NOT_PROVIDED_BY_SOURCE_SURFACE
TB8,STOCKLOOKUP_ONLY_UNRESOLVED,DELISTED_OR_NO_LONGER_CURRENT,DELISTED,True,,NOT_PROVIDED_BY_SOURCE_SURFACE
TBH,STOCKLOOKUP_ONLY_UNRESOLVED,DELISTED_OR_NO_LONGER_CURRENT,DELISTED,True,,NOT_PROVIDED_BY_SOURCE_SURFACE
TBT,STOCKLOOKUP_ONLY_UNRESOLVED,DELISTED_OR_NO_LONGER_CURRENT,DELISTED,True,,NOT_PROVIDED_BY_SOURCE_SURFACE
TBW,OFFICIAL_ONLY_NOT_IN_STOCKLOOKUP,CANDIDATE_UNIVERSE_STALENESS_OR_GOVERNED_EXCLUSION_UNRESOLVED,UPCOM,False,hnx_official_equity_universe/v1,NOT_PROVIDED_BY_SOURCE_SURFACE
TBX,STOCKLOOKUP_ONLY_UNRESOLVED,DELISTED_OR_NO_LONGER_CURRENT,DELISTED,True,,NOT_PROVIDED_BY_SOURCE_SURFACE
TC6,STOCKLOOKUP_ONLY_UNRESOLVED,DELISTED_OR_NO_LONGER_CURRENT,DELISTED,True,,NOT_PROVIDED_BY_SOURCE_SURFACE
TDI,STOCKLOOKUP_ONLY_UNRESOLVED,DELISTED_OR_NO_LONGER_CURRENT,DELISTED,True,,NOT_PROVIDED_BY_SOURCE_SURFACE
TDN,STOCKLOOKUP_ONLY_UNRESOLVED,DELISTED_OR_NO_LONGER_CURRENT,DELISTED,True,,NOT_PROVIDED_BY_SOURCE_SURFACE
TEL,STOCKLOOKUP_ONLY_UNRESOLVED,DELISTED_OR_NO_LONGER_CURRENT,DELISTED,True,,NOT_PROVIDED_BY_SOURCE_SURFACE
THI,STOCKLOOKUP_ONLY_UNRESOLVED,DELISTED_OR_NO_LONGER_CURRENT,DELISTED,True,,NOT_PROVIDED_BY_SOURCE_SURFACE
TKC,STOCKLOOKUP_ONLY_UNRESOLVED,DELISTED_OR_NO_LONGER_CURRENT,DELISTED,True,,NOT_PROVIDED_BY_SOURCE_SURFACE
TKG,STOCKLOOKUP_ONLY_UNRESOLVED,DELISTED_OR_NO_LONGER_CURRENT,DELISTED,True,,NOT_PROVIDED_BY_SOURCE_SURFACE
TLI,STOCKLOOKUP_ONLY_UNRESOLVED,DELISTED_OR_NO_LONGER_CURRENT,DELISTED,True,,NOT_PROVIDED_BY_SOURCE_SURFACE
TLT,STOCKLOOKUP_ONLY_UNRESOLVED,DELISTED_OR_NO_LONGER_CURRENT,DELISTED,True,,NOT_PROVIDED_BY_SOURCE_SURFACE
TNM,STOCKLOOKUP_ONLY_UNRESOLVED,DELISTED_OR_NO_LONGER_CURRENT,DELISTED,True,,NOT_PROVIDED_BY_SOURCE_SURFACE
TNV,STOCKLOOKUP_ONLY_UNRESOLVED,DELISTED_OR_NO_LONGER_CURRENT,DELISTED,True,,NOT_PROVIDED_BY_SOURCE_SURFACE
TPH,STOCKLOOKUP_ONLY_UNRESOLVED,DELISTED_OR_NO_LONGER_CURRENT,DELISTED,True,,NOT_PROVIDED_BY_SOURCE_SURFACE
TQN,STOCKLOOKUP_ONLY_UNRESOLVED,DELISTED_OR_NO_LONGER_CURRENT,DELISTED,True,,NOT_PROVIDED_BY_SOURCE_SURFACE
TQW,OFFICIAL_ONLY_NOT_IN_STOCKLOOKUP,CANDIDATE_UNIVERSE_STALENESS_OR_GOVERNED_EXCLUSION_UNRESOLVED,UPCOM,False,hnx_official_equity_universe/v1,NOT_PROVIDED_BY_SOURCE_SURFACE
TS4,STOCKLOOKUP_ONLY_UNRESOLVED,DELISTED_OR_NO_LONGER_CURRENT,DELISTED,True,,NOT_PROVIDED_BY_SOURCE_SURFACE
TTP,STOCKLOOKUP_ONLY_UNRESOLVED,DELISTED_OR_NO_LONGER_CURRENT,DELISTED,True,,NOT_PROVIDED_BY_SOURCE_SURFACE
TVP,STOCKLOOKUP_ONLY_UNRESOLVED,DELISTED_OR_NO_LONGER_CURRENT,DELISTED,True,,NOT_PROVIDED_BY_SOURCE_SURFACE
TVW,STOCKLOOKUP_ONLY_UNRESOLVED,DELISTED_OR_NO_LONGER_CURRENT,DELISTED,True,,NOT_PROVIDED_BY_SOURCE_SURFACE
ULG,OFFICIAL_ONLY_NOT_IN_STOCKLOOKUP,CANDIDATE_UNIVERSE_STALENESS_OR_GOVERNED_EXCLUSION_UNRESOLVED,UPCOM,False,hnx_official_equity_universe/v1,NOT_PROVIDED_BY_SOURCE_SURFACE
UTT,OFFICIAL_ONLY_NOT_IN_STOCKLOOKUP,CANDIDATE_UNIVERSE_STALENESS_OR_GOVERNED_EXCLUSION_UNRESOLVED,UPCOM,False,hnx_official_equity_universe/v1,NOT_PROVIDED_BY_SOURCE_SURFACE
V11,STOCKLOOKUP_ONLY_UNRESOLVED,DELISTED_OR_NO_LONGER_CURRENT,DELISTED,True,,NOT_PROVIDED_BY_SOURCE_SURFACE
V15,STOCKLOOKUP_ONLY_UNRESOLVED,DELISTED_OR_NO_LONGER_CURRENT,DELISTED,True,,NOT_PROVIDED_BY_SOURCE_SURFACE
V68,OFFICIAL_ONLY_NOT_IN_STOCKLOOKUP,CANDIDATE_UNIVERSE_STALENESS_OR_GOVERNED_EXCLUSION_UNRESOLVED,UPCOM,False,hnx_official_equity_universe/v1,NOT_PROVIDED_BY_SOURCE_SURFACE
VAT,STOCKLOOKUP_ONLY_UNRESOLVED,DELISTED_OR_NO_LONGER_CURRENT,DELISTED,True,,NOT_PROVIDED_BY_SOURCE_SURFACE
VC5,STOCKLOOKUP_ONLY_UNRESOLVED,DELISTED_OR_NO_LONGER_CURRENT,DELISTED,True,,NOT_PROVIDED_BY_SOURCE_SURFACE
VCW,STOCKLOOKUP_ONLY_UNRESOLVED,DELISTED_OR_NO_LONGER_CURRENT,DELISTED,True,,NOT_PROVIDED_BY_SOURCE_SURFACE
VDB,OFFICIAL_ONLY_NOT_IN_STOCKLOOKUP,CANDIDATE_UNIVERSE_STALENESS_OR_GOVERNED_EXCLUSION_UNRESOLVED,UPCOM,False,hnx_official_equity_universe/v1,NOT_PROVIDED_BY_SOURCE_SURFACE
VE2,STOCKLOOKUP_ONLY_UNRESOLVED,DELISTED_OR_NO_LONGER_CURRENT,DELISTED,True,,NOT_PROVIDED_BY_SOURCE_SURFACE
VIH,STOCKLOOKUP_ONLY_UNRESOLVED,DELISTED_OR_NO_LONGER_CURRENT,DELISTED,True,,NOT_PROVIDED_BY_SOURCE_SURFACE
VKD,STOCKLOOKUP_ONLY_UNRESOLVED,DELISTED_OR_NO_LONGER_CURRENT,DELISTED,True,,NOT_PROVIDED_BY_SOURCE_SURFACE
VKP,STOCKLOOKUP_ONLY_UNRESOLVED,DELISTED_OR_NO_LONGER_CURRENT,DELISTED,True,,NOT_PROVIDED_BY_SOURCE_SURFACE
VLF,STOCKLOOKUP_ONLY_UNRESOLVED,DELISTED_OR_NO_LONGER_CURRENT,DELISTED,True,,NOT_PROVIDED_BY_SOURCE_SURFACE
VMI,STOCKLOOKUP_ONLY_UNRESOLVED,DELISTED_OR_NO_LONGER_CURRENT,DELISTED,True,,NOT_PROVIDED_BY_SOURCE_SURFACE
VOC,STOCKLOOKUP_ONLY_UNRESOLVED,DELISTED_OR_NO_LONGER_CURRENT,DELISTED,True,,NOT_PROVIDED_BY_SOURCE_SURFACE
VSP,STOCKLOOKUP_ONLY_UNRESOLVED,DELISTED_OR_NO_LONGER_CURRENT,DELISTED,True,,NOT_PROVIDED_BY_SOURCE_SURFACE
VTL,STOCKLOOKUP_ONLY_UNRESOLVED,DELISTED_OR_NO_LONGER_CURRENT,DELISTED,True,,NOT_PROVIDED_BY_SOURCE_SURFACE
VTM,OFFICIAL_ONLY_NOT_IN_STOCKLOOKUP,CANDIDATE_UNIVERSE_STALENESS_OR_GOVERNED_EXCLUSION_UNRESOLVED,UPCOM,False,hnx_official_equity_universe/v1,NOT_PROVIDED_BY_SOURCE_SURFACE
VTS,STOCKLOOKUP_ONLY_UNRESOLVED,UNRESOLVED,UPCOM,True,,NOT_PROVIDED_BY_SOURCE_SURFACE
XDC,STOCKLOOKUP_ONLY_UNRESOLVED,DELISTED_OR_NO_LONGER_CURRENT,DELISTED,True,,NOT_PROVIDED_BY_SOURCE_SURFACE
